{
  "project_info": {
    "project_number": "601209052701",
    "firebase_url": "https://opsc-18391-default-rtdb.europe-west1.firebasedatabase.app",
    "project_id": "opsc-18391",
    "storage_bucket": "opsc-18391.appspot.com"
  },
  "client": [
    {
      "client_info": {
        "mobilesdk_app_id": "1:601209052701:android:53d65d2bebfa53013570f4",
        "android_client_info": {
          "package_name": "com.a19013147.myapplication"
        }
      },
      "oauth_client": [
        {
          "client_id": "601209052701-sv9qrjvne38rgto0om9d1hgv1hvd4urj.apps.googleusercontent.com",
          "client_type": 3
        }
      ],
      "api_key": [
        {
          "current_key": "AIzaSyBuszcsOHAKxNbK-e0JeIbRaUVJmBqB7PU"
        },
        {
          "current_key": "AIzaSyAXaBV1WuBJRX1NdwGbw6WiAKp_ibdMACk"
        }
      ],
      "services": {
        "appinvite_service": {
          "other_platform_oauth_client": [
            {
              "client_id": "601209052701-sv9qrjvne38rgto0om9d1hgv1hvd4urj.apps.googleusercontent.com",
              "client_type": 3
            }
          ]
        }
      }
    },
    {
      "client_info": {
        "mobilesdk_app_id": "1:601209052701:android:c6e19e43738bfdc13570f4",
        "android_client_info": {
          "package_name": "com.example.opsccollectionmanager"
        }
      },
      "oauth_client": [
        {
          "client_id": "601209052701-fmcqur8bdninmd1avfearrsdg570qm00.apps.googleusercontent.com",
          "client_type": 1,
          "android_info": {
            "package_name": "com.example.opsccollectionmanager",
            "certificate_hash": "67ba4ce179efb2ce8003a21e21be1b8966931360"
          }
        },
        {
          "client_id": "601209052701-sv9qrjvne38rgto0om9d1hgv1hvd4urj.apps.googleusercontent.com",
          "client_type": 3
        }
      ],
      "api_key": [
        {
          "current_key": "AIzaSyBuszcsOHAKxNbK-e0JeIbRaUVJmBqB7PU"
        },
        {
          "current_key": "AIzaSyAXaBV1WuBJRX1NdwGbw6WiAKp_ibdMACk"
        }
      ],
      "services": {
        "appinvite_service": {
          "other_platform_oauth_client": [
            {
              "client_id": "601209052701-sv9qrjvne38rgto0om9d1hgv1hvd4urj.apps.googleusercontent.com",
              "client_type": 3
            }
          ]
        }
      }
    }
  ],
  "configuration_version": "1"
}